{
    "Ar36": {
        "error": 0.0012686377782690661, 
        "filter_outliers_dict": {
            "filter_outliers": true, 
            "iterations": 1, 
            "std_devs": 2
        }, 
        "fit": "Parabolic", 
        "value": 0.3576302690725641
    }, 
    "Ar37": {
        "error": 0.011716619466943811, 
        "filter_outliers_dict": {
            "filter_outliers": true, 
            "iterations": 1, 
            "std_devs": 2
        }, 
        "fit": "linear", 
        "value": 0.6923941727547788
    }, 
    "Ar38": {
        "error": 0.025122063188232444, 
        "filter_outliers_dict": {
            "filter_outliers": true, 
            "iterations": 1, 
            "std_devs": 2
        }, 
        "fit": "linear", 
        "value": 0.15576762667364097
    }, 
    "Ar39": {
        "error": 0.0228544542311774, 
        "filter_outliers_dict": {
            "filter_outliers": true, 
            "iterations": 1, 
            "std_devs": 2
        }, 
        "fit": "Parabolic", 
        "value": 2.263591097131251
    }, 
    "Ar40": {
        "error": 0.026447896765406265, 
        "filter_outliers_dict": {
            "filter_outliers": true, 
            "iterations": 1, 
            "std_devs": 2
        }, 
        "fit": "Parabolic", 
        "value": 111.71830341575776
    }
}